{"cameraMode":{"drawMode":0,"name":"Shaded","section":"Shading Mode"},"sceneLighting":true,"audioPlay":false,"sceneViewState":{"m_AlwaysRefresh":false,"showFog":true,"showSkybox":true,"showFlares":true,"showImageEffects":true,"showParticleSystems":true,"showVisualEffectGraphs":true,"m_FxEnabled":true},"in2DMode":false,"pivot":{"x":469.4284362792969,"y":14.65890884399414,"z":364.5333557128906},"rotation":{"x":0.00040943504427559674,"y":-0.9995808601379395,"z":0.02489262819290161,"w":0.017105625942349435},"size":198.94212341308595,"orthographic":false}