{"cameraMode":{"drawMode":0,"name":"Shaded","section":"Shading Mode"},"sceneLighting":true,"audioPlay":false,"sceneViewState":{"m_AlwaysRefresh":false,"showFog":true,"showSkybox":true,"showFlares":true,"showImageEffects":true,"showParticleSystems":true,"showVisualEffectGraphs":true,"m_FxEnabled":true},"in2DMode":false,"pivot":{"x":19.380218505859376,"y":-23.880783081054689,"z":25.477453231811525},"rotation":{"x":0.17860014736652375,"y":-0.8213731050491333,"z":0.3870875835418701,"w":0.37898561358451846},"size":25.100440979003908,"orthographic":true}